﻿pos_x,pos_y,rotation,side,designator,mpn,pack,footprint,value,mount_type
192.405,-31.242,-90.0,bottom,BT1,,,JST_EH_S2B-EH_1x02_P2.50mm_Horizontal,Battery,tht
139.165,-73.025,90.0,bottom,D1,,,D_SOD-123,Diode,smt
158.215,-111.125,90.0,bottom,D10,,,D_SOD-123,Diode,smt
177.265,-111.125,90.0,bottom,D11,,,D_SOD-123,Diode,smt
196.315,-111.125,90.0,bottom,D12,,,D_SOD-123,Diode,smt
138.43,-54.475,90.0,bottom,D13,,,D_SOD-123,Diode,smt
195.58,-54.475,90.0,bottom,D14,,,D_SOD-123,Diode,smt
158.215,-73.025,90.0,bottom,D2,,,D_SOD-123,Diode,smt
177.265,-73.025,90.0,bottom,D3,,,D_SOD-123,Diode,smt
196.315,-73.025,90.0,bottom,D4,,,D_SOD-123,Diode,smt
139.165,-92.075,90.0,bottom,D5,,,D_SOD-123,Diode,smt
158.215,-92.075,90.0,bottom,D6,,,D_SOD-123,Diode,smt
177.265,-92.075,90.0,bottom,D7,,,D_SOD-123,Diode,smt
196.315,-92.075,90.0,bottom,D8,,,D_SOD-123,Diode,smt
139.165,-111.125,90.0,bottom,D9,,,D_SOD-123,Diode,smt
130.275,-73.025,0.0,top,S1,,,Hotswap_MX_1.00u,Keyswitch,smt
149.325,-111.125,0.0,top,S10,,,Hotswap_MX_1.00u,Keyswitch,smt
168.375,-111.125,0.0,top,S11,,,Hotswap_MX_1.00u,Keyswitch,smt
187.425,-111.125,0.0,top,S12,,,Hotswap_MX_1.00u,Keyswitch,smt
149.325,-73.025,0.0,top,S2,,,Hotswap_MX_1.00u,Keyswitch,smt
168.375,-73.025,0.0,top,S3,,,Hotswap_MX_1.00u,Keyswitch,smt
187.425,-73.025,0.0,top,S4,,,Hotswap_MX_1.00u,Keyswitch,smt
130.275,-92.075,0.0,top,S5,,,Hotswap_MX_1.00u,Keyswitch,smt
149.325,-92.075,0.0,top,S6,,,Hotswap_MX_1.00u,Keyswitch,smt
168.375,-92.075,0.0,top,S7,,,Hotswap_MX_1.00u,Keyswitch,smt
187.425,-92.075,0.0,top,S8,,,Hotswap_MX_1.00u,Keyswitch,smt
130.275,-111.125,0.0,top,S9,,,Hotswap_MX_1.00u,Keyswitch,smt
132.675,-38.47,-90.0,top,SW1,,,RotaryEncoder_Alps_EC11E-Switch_Vertical_H20mm,RotaryEncoder_Switch,tht
189.825,-38.47,-90.0,top,SW2,,,RotaryEncoder_Alps_EC11E-Switch_Vertical_H20mm,RotaryEncoder_Switch,tht
131.445,-28.7528,180.0,bottom,SW3,,,SW TS-B003-Y,SW_Push,tht
142.264,-28.9611,180.0,bottom,SW4,,,Switch_MSK12C02,Switch,smt
158.75,-43.815,180.0,bottom,SuperMini-NRF1,,,SuperMini NRF52840,~,tht
