﻿Designator,Quantity,Value,Footprint,Package,MPN,DNP,Mount_Type,Description,Sim.Device,Sim.Pins
BT1,1,Battery,JST_EH_S2B-EH_1x02_P2.50mm_Horizontal,,,,tht,Multiple-cell battery,,
"D1, D10, D11, D12, D13, D14, D2, D3, D4, D5, D6, D7, D8, D9",14,Diode,D_SOD-123,,,,smt,1N4148 (DO-35) or 1N4148W (SOD-123),D,1=K 2=A
J1,1,OLED_128x32,OLED_128x32,,,,tht,,,
"S1, S10, S11, S12, S2, S3, S4, S5, S6, S7, S8, S9",12,Keyswitch,Hotswap_MX_1.00u,,,,smt,"Push button switch, normally open, two pins, 45° tilted",,
"SW1, SW2",2,RotaryEncoder_Switch,RotaryEncoder_Alps_EC11E-Switch_Vertical_H20mm,,,,tht,"Rotary encoder, dual channel, incremental quadrate outputs, with switch",,
SW3,1,SW_Push,SW TS-B003-Y,,,,tht,"Push button switch, generic, two pins",,
SW4,1,Switch,Switch_MSK12C02,,,,smt,"Push button switch, generic, two pins",,
SuperMini-NRF1,1,~,SuperMini NRF52840,,,,tht,,,
